title,emotion
酱酒视界日刊 |1106刊：华润万家投超2万瓶飞天茅台；,1
白酒底部了，开始起飞[看多][看多][看多][看多][看多],1
早买早发财[看多][看多][看多][看多][看多][看多][看,1
严格按住套压盘不能走，必然暴跌，保证大暴跌。杀龙头,0
下来吧，别装了,0
以后只有供销社可以买到茅台，哈哈,0
日月股份，最近必定大涨，茅台的叔叔阿姨，哥哥姐姐，,1
净资产164元以上都卖空,1
我卖空你随意,1
1500多元的茅台去年派息21.756元／股，年化收益率不到,0
今天有点麻烦，20均线压力大，,0
11月7日开盘前汇总与更新的表格上周五收盘后，一直没,0
看a50这样…大哥又被做空了？,0
低开2个点了,0
基金账面浮盈，出不了货，竹篮打水一场空,0
就是卖空抱团股,0
继续不断卖空,0
本团队不断卖空明天又卖空,0
贵州茅台从来不欺骗穷人欺骗散户！,1
熊市反弹最伤人,0
开始继续卖空大幅卖空你们抄底我卖空,0
本团队开始卖空继续做空,0
[爱心][爱心][爱心][买入][买入][买入][上涨][上涨][,1
废了，大幅低开,0
全是坑专坑散户,0
[干杯][干杯][主力][主力][主力][买入][买入][国家队],1
机会来了 你能把握住？,1
张婷涨停贵州茅台五粮液资金进场九安医疗,1
我本金只有100000元，什么时候可以加仓,0
周、日线共振，来自茅台的呼唤,1
九安今天猛烈冲刺一波,1
对于下周，我为什么不直接给出的一个看多或者看空答案,0
扔了旧鞋买了新鞋，希望自己踏上新征程成为有钱人，等,1
韭菜复盘。受人民币升值的利好消息刺，A股走出了五连,1
完蛋，融资盘进来五个亿[怒],0
今天暴涨-5%[看空],0
同志们大家好，最近白酒市场的回调已经结束，这个贵州,0
贵州茅台：为什么白酒概念板块没有涨停板的龙头哪？还,0
今天早上开盘应该在1345，然后震荡走低，破1300是肯定,1
精准防控，利国利民，利好经济发展，利好股市,1
茅台接下来策略，周一集合竞价1500以上走人，200万底,1
珍惜生命，远离白酒！！！,0
今天，靠信仰支撑,1
北汽蓝谷要起飞了，股价低，板块好,1
宁德现价404元，下周涨是一定，现在搞不清的就是宁德,1
进入缩量单边下挫。,0
消费要走下坡路了吗？,0
逢高做空就完了,1
转发,0
年轻人不喝白酒是事实！,0
原计划今年存够40万，结果年初30万，年末就剩20万,0
上证现价3070点，大盘多将调整后继续上涨只要提到3030,1
难兄难弟两个垃圾,0
做为贵公司小股民，二千多买入长期持有，几乎腰折了，,0
抢，婴儿底部600853利好,1
茅台一涨，大盘又要回调了,1
上市高管有责任心维护广大股东利益，力所能及的市值维,1
各位朋友，有没有发现，我最近分享的内容很少了，越来,0
转发,0
明天准备卖出手上的200股茅台，加计算机和半导体！！,1
美股终结四连跌中概走高，下周A股行情继续可期！,1
抛弃？！致敬侧翻,0
[爱心][爱心][爱心][爱心][爱心][上涨][上涨][上涨][,1
啥是通货膨胀？看完你绝对有深刻的理解！如果你举凉皮,1
预测估计明天大跌，很多人下周不好看，说这周上涨靠假,0
维持卖出评级目标价250操作建议空仓看戏[韭菜][韭菜][,0
茅台的营销渠道必须改革，否则肯定会慢慢被其他白酒赶,1
周末消息没啥重磅的，我觉得重要的其实还是防控的发布,0
白酒毕竟不是必选消费品！且八规己长期定！,0
大家一起大声喊赶紧跌停。害人的东西。,0
本周重点关注3100点附近阻力，强阻力区间在3100-3150,0
贵州茅台：现金流表现优异，报表留有余力,1
指数大涨赛道高潮，周一盘面重点关注什么？,0
【A股主流ETF】消费龙头ETF10.21最近3日资,0
周线放量长阳包阴，下周多空会否缠斗？ (周,0
要赚钱就买中国石化，股息率11%，股价4.3元,1
腾讯市值被贵州茅台超越，汇总腾讯三季报业,1
股市不值得，再见了我的朋友！！！清仓销户,0
[cp]珍爱生命，远离股市。[/cp],0
11月会是年前最肥美的一个月,1
茅台难维持回强势,0
大概周二就会跌停板，一个比一个逃的快,0
消费周报 | 白酒近期暴跌原因曝光,0
上涨第一天：降智小作文。上涨第二天：难道是真的？上,1
保钱保命不保酒,0
我不喝茅台喝石油,0
A股没有牛市，别哔哔了[韭菜][韭菜][韭菜][韭菜][韭菜,0
茅台价值独一档，涨到3000也绝不是问题。,1
珍惜生命，远离白酒！！！,0
大多唱空矛台可以买啦,1
炒股20年，现在还亏着，当时为什么没有买你,0
将来的毛台就是现在的海天味业,0
不是我买不起就说茅台要跌哈哈哈,0
人民币狂飙，大宗商品价格大涨，下周一应该很有看点啊,1
珍惜生命，远离白酒！！！,0
$贵州茅台(SH600519)$茅台的毛利率我认为还有一定的市,0
转发,0
散户几百万三瓜两枣的！套了就套了！大资金都等得起！,0
转发,0
明天卖空,1
转发,0
茅台是机构在意，想一下如果你用100万投入股市会买6手,1
致管理层,1
北京-习水-茅台，独一份的华都“三地”文化酱酒之旅,1
发表一点看法,0
喝过茅台的人，就知道它的价值，3000元一瓶才是市价。,1
无缘无故的跌，无缘无故的涨，什么时候能下探一次700,0
跨界玩,0
[大笑][大笑][大笑]兄弟们去拍卖呀,1
3070点，小姐姐致A股1.8亿投资者，挑选估值较低，回调,1
珍惜生命，远离白酒！！！,0
这个票大底在1200附近,0
宜宾白酒前9月产值556亿；仁怀经开区酱酒前三季度产值,0
茅台从来不坑穷人，涨一下，不然下来就能坑到穷人了,0
茅台酒必走大益普洱茶的路大跌一半，茅台股票明年必跌,0
一直有疑问，快手、抖音上卖的茅台酒酒便宜到100元以,0
珍惜生命，远离白酒！！！,0
常者 皆尽，高者必堕,0
茅台如果再跌破1509则是延续30分下跌趋势,0
每一次反弹，都是减仓兑现！别再受骗上当，被洗脑还不,0
业绩超过贵州茅台！！价格还在67.34元。,0
把它工商银行化，每股净资产对标，收益对标，得出股价,1
白酒，医药属于大资金自救，拉高出货后还有一次腰斩，,0
11月券商金股出炉！贵州茅台“遇冷”，多股同为私募基,0
预计会有慢牛行情1、今年的行情很特别，凡是底部加仓,0
贵州茅台成交额超100亿元,1
据悉：第十四届中国航展（11月8～13日广东珠海）飞行,1
谢国忠05年说，白酒伤身，不受政策支持，合理股价在50,0
世界最顶级的公司，苹果公司过去十年收益是642%（后复,1
今天盘中供销社概念股继续走强，[偷笑][抓狂],1
珍惜生命，远离白酒！！！,0
中国移动与茅台集团签署战略合作协议,1
特斯拉+比亚迪市值已超油车时代全球汽车市值,1
贵州茅台本周被沪股通减持26.97亿元，周内减持市值两,0
【权重股2022三季报点评】三季度回款情况良好，i茅台,1
茅台这么高的价值，一股1500多，凭什么这么高？就是一,0
大佬退场，股价骨折，互联网大厂还好吗？,0
炒股要跟趋势热点走！信创、科技、医药+军工是本轮行,0
茅台成交量不到十万！如果周一成交量无法放量的话就无,0
1333.33 是本轮下跌低点,0
涨到3000我就接盘，不到我是不会接盘的，我专业低抛高,0
【弱式反弹】下周反弹结束，将下跌到1314??19元略下。,0
贵州茅台本周融资净偿还4.33亿元，两市排名第二,0
贵州茅台干脆跌到500，这样大家就都可以买点珍藏。高,0
大家都是来看热闹的吧,0
中产阶层的崛起与共同富裕.――看茅台供不应求的背后.,1
求求你跌回200元我马上倾家买入！[大笑][大笑][鼓掌],0
是底不大涨，大涨，不是底[摊手],0
11.04 收评  市场拒绝回踩，继续向上拓展空间,0
年底2000应该不成问题，机构这几天吃了几十亿的带血筹,0
这个股至少三个涨停板,1
目前来看，应该回避酒类股票，酒类股票已经普遍高估，,0
18家白酒三季报营收增速谁最低？头部五粮液12.19%，腰,0
白酒行业，成本,0
1300点附近是有很强的抵抗力和支撑性的。,0
看似迷雾一团，实际清晰可辨。,0
[火箭][火箭][火箭][火箭][火箭][火箭],1
每股复权价8200元，北上资金的最爱？反弹自救而已。,0
很快开房，卖茅台，抄底别的[666],0
大盘五阳夯实基础，下周能有多大期许？（11.04）,0
全网最精准的分析！挑战一切大神！周期型股票，寻找机,1
在合理乃至便宜时，投资最优秀的企业，老号（不清楚什,1
贵州茅台我很怕到5000,0
一瓶酒水炒到火星上了，毫无价值意义。更看好光伏发电,0
新手如何选股？心急吃不了热豆腐！,1
茅台五日成交额破百亿，白酒还能加仓吗？,1
揭露飞天茅的罐装过程，第一步，正品吹套，就是用恒温,0
1106复盘：普涨之后细看整体市场各板块目前的情况,0
十月二十四号头条新闻：茅台跌停！[愉快],0
今日茅台操作，1438进了200万茅台，刚1485卖出了底仓2,0
大茅，黄金分割，长期均线，技术走势分析，上贴提醒两,1
买卖双方就是在博弈。买了绝不愿意下跌，卖了绝不愿意,0
今天，爆发,1
大胆点，目标价5000元！一切为了外资成功出逃！,1
短时间没有什么明确利好，比如：解封。短时间行情连续,1
1431元吃小肉的时间到了，贵州茅台,0
九街躲哪儿去了，趁大反抽的热度可以在忽悠几万人气不,0
茅台可是集聚全球顶流资本超级大盘，能精准判顶，再精,1
贵州茅台股价之高，让俺望尘莫及，肯定一分钱一分货，,1
只要拉这货后边准没好事[韭菜][韭菜][韭菜][韭菜][韭,0
酒精的危害喝酒姜康理念看空,0
若与价值比，二折再三折。,0
捡了两瓶，继续！,1
[主力][主力][主力][主力][主力][主力][上涨][上涨][,1
酒业协会联合6大龙头发声 酒类股强势反弹 贵州茅台大,0
很多人说没了茅台贵州会更穷，这句话我是不赞成的，甚,0
$贵州茅台(SH600519)$,1
2020年初，朋友拿了10万块钱进A股，平时我也不太关心,0
比空间更重要的是时间,0
市场是安全的[想一下],0
开盘跌停，跌到1000,0
月底休息,0
提前抓牛股呀,0
买的人多，价格就上涨。卖的人多，价格就下跌。反应了,0
创业板在底部形成了明显的箱体震荡[俏皮],0
转发,1
呼叫中信研报3000人,0
茅台肯定是要跌破1000的,0
茅台股价历次跌幅超过30%的记录，算上本轮就有七次了,0
能在A股市赚钱的人有多可怕，炒股这么多年，能在股市,0
大宗交易：贵州茅台成交863.7万元，成交价1439.50元（,1
沪股通昨天减持贵州茅台2.8亿元。,0
直销渠道持续放量，业绩稳健余力充足,1
老刀：作为一个无意间大力助推过茅台形象的,1
下周一再也不进场了！！！！！,0
九安大股东不用大宗交易卖，你的为何用过大,0
抄底阶段做完，进入方向选择阶段,0
很多时候聊天，我都不明白为什么我们不去尊,0
当某一个行业或个体成为造富神话，那么这个,0
茅台即将往1000以下进攻。,0
赛道再起，龙头普涨，中证100ETF基金大涨3.,1
过年前肯定能见到999！,1
贵州茅台市值几乎腰斩后，总市值依然超过二,0
贵州茅台(600519)-投资简析正面因素：1、龙,1
@生机发财de赵云 卖出了吗？,0
茅台重返千五大关！消费股集体活跃 复盘三,1
总之我一直卖空，做空，不管谁砖家忽悠,1
技术上反弹到1584元就会再次暴跌,0
下周初反弹结束，本团队卖空,0
如果业绩增长，本团队就会加大力度卖空茅台,1
醉茅七十万股想吃肉600073业绩创历史新高！,1
用力过猛！追高者不来了，清洗浮筹，融资盘,0
周一肯定大跌，耶耶耶，白酒空仓中,0
散户在茅台看戏就可，千万别大规模融卷做空,0
飙升马上开始！40多元净资产！全年近40元的,1
忽悠也没用，就是卖空，卖空抱团股，未来几,0
周一就卖空,0
业绩翻倍市盈率也有16。你们感觉会翻倍吗哈,0
$贵州茅台(SH600519)$,1
本月中旬‘茅台＇突破20天均线己俱备条件，,1
下跌趋势惯性是一时改变不了，跌破壹仟元是,0
砖家又开始忽悠，你们抄底，我卖空，净资产,1
继续卖空,1
利空落地，下周继续冲，还没回本呢,0
贵州茅台跌破1700元，北向资金近6日抛售近6,0
听完了发布会，没啥大的变化，措词还是精准,0
持续很新中,1
腾讯不会国有化,1
贵州茅台站回1500元,1
北向资金抛售、融资客趁势买入，贵州茅台何,1
周一涨3%。打爆空头！一听还是不放开，空头来劲了，那,1
2000以上贵州国资怎么停止减持了？,0
茅台股价是市场炒高的，人家每年至少巨额分红给市场，,1
预期落空了，叠加东北边半岛形势，周五的上涨又是一场,1
美加息0.75%已成定局！美联储今天增长利率0.75%。大家,1
外资不买垃圾股，专买中国核心资产!17个公司持仓超200,0
[上涨][上涨][主力][主力][买入][买入][买入][买入]就,1
严重高股！换股九安医疗[主力][买入][主力][买入][买,1
1333买了10手，爽歪歪,1
消费，旅游周一吃面，坚持防控不放松，放开预期落空。,0
早已预料到他跌到50%左右会弹弹，任何庄家出货都是这,0
港A暴力拉升，资金跑步进场,0
薇娅夫妇押中“美妆界华为”，身家暴涨2亿，巨子生物,1
周一瑟瑟发抖,0
茅台要运输找中铁特货[呲牙][呲牙][呲牙],1
$贵州茅台(SH600519)$,1
预期落空，周一暴跌8%,0
我始终认为，白酒股炒过头了。上周白酒股以茅台为肯的,0
目标价2200＋贵州茅台一一酿酒行业，贵州板块，百元股,0
赚茅台股的钱，用赚来的钱买茅台酒喝。,0
年净利润444.9亿元，日赚一个多小目标，这不是一般企,1
预期落空了,0
总之利好中铁特货001213国家大物流[呲牙][呲牙][呲牙],1
发现年轻人喝茅台都会拍照发朋友圈，哪怕是茅台冰淇淋,1
茅台都被腰斩了，大A的春天何时才能到来？重点关注这,1
10月24日，这个位置1589点，堆积了很多套牢盘，如果击,1
洗白防控政策不变,0
《000004 ST国华》目前总市值11亿 。散户越来越多,1
白酒股怎么了？,0
当我们都在预判下周一怎么走，或者该怎么做的时候却忘,0
融资盘又上来了，接盘侠快来！,1
转发,1
接下来，该买什么！,1
茅台其行业具有垄断+成瘾，复购利极高!茅台已仅仅不是,1
@陈欣教授昨天推出推介贵州茅台的视频，今天被观视频,1
最低估的品种！目前！即使明年只有8/10元业绩也严重低,0
高回撤低估值名单请收藏，贵州茅台，江特电机，广汽集,0
盘点37家上市酒企三季报：真的“价值背离”了吗？,0
券商“金股”转换风向：计算机板块抢眼 宁德时代、贵,1
精彩,1
今年唯一赚钱的大佬最新观点,1
出20亿！跌150元！接盘真珍贵！,0
市场情绪疲软！高盛重磅发布中国烈酒三季度观点，仍优,1
高位股！跌不下去！是因为没有散户接盘！只能自己玩[,0
随着“双碳”战略的实施，我国氢能产业发展驶入“快车,1
接在万人恐惧时，卖在众人欢腾时！！！自古法则穷则搁,1
三类买点定义不了解？小白必看！,1
两万亿只有14万户！这里边之前还有四五万的机构户[大,1
两万亿买不了吃亏买不了上当！[大笑][大笑][韭菜][大,1
最低估的品种！目前！即使明年只有8/10元业绩也严重低,0
黑白交易|大盘如期再涨，今日做多这个板块,0
白酒涨超5%！会持续反弹吗？加仓还是减仓？,0
“酒非酒”估值的研判，方位的抉择,0
周一联络互动002280大涨，涨停概率99%，仅供参考,1
下周就要继续跌了。周一继续闷杀了,0
机构们需要抱团取暖，新韭菜看表演就好，千万别出手，,0
股市哪有那么多好人！有好人的话你把赚的钱杀别人筹码,0
周一继续爆跌。,0
最低估的品种！目前！即使明年只有8/10元业绩也严重低,0
重磅！晒一晒我2022.10月份收益,1
浙农股份全国供销社总龙头,0
底部1360抄底，1505已撤。搏把反弹先走了。茅大哥继续,0
反转开启，全面做多！恒生科技涨9%，白酒、新能源、煤,1
反攻！A股三大指数涨逾2%，恒生科技飙涨8%丨午评,1
大逻辑还是超跌反弹11.4收评。今天超预期大涨，挺意外,1
[cp]普渡众生：珍爱生命，远离股市。[/cp],0
白酒都发消费券，这茅台还不上2000?,0
我们这里都在改种粮食，说明粮食短缺是存在的，而酿酒,0
赶紧抄底众泰吧，众泰电池据说比宁的时代还先进,0
转发,1
[大笑][大笑][大笑][大笑],1
这科技股能兴邦，也是悲哀,0
严重高估康龙！换股凯莱英重磅利好：全球领先的鼻喷式,0
看看漓泉啤酒走势,0
维持卖出评级目标价250操作建议空仓看戏[韭菜][韭菜][,0
强势反弹没有阻止北向撤离茅台,0
发现茅台股吧里散户是最多，推荐股票的也是最多的。,0
神话到头了,1
这个股能割到散户的韭菜吗,0
五斤粮食一斤酒,0
11月4日收盘11月3日买了科持ETF，今天上涨。继续持有,1
一夜之间到处欢腾，周末好好休息，下周开启卖卖卖模式,1
真强[赞],1
越涨得多的越要做空，如计算机(信创)及酒水股等，雨朦,1
贵州茅台11月04日被沪股通减持8.03万股,0
既然那么喜欢科技！为什么资金要选择留在茅台里！等于,1
贵州茅台：融资净买入4.71亿元，两市排名第一（11-04,1
没有一倍的上涨空间炒个啥？酒精和水算什么核心资产?,0
这波上涨是因为融资盘割掉20亿，哪天他们回来就到头了,0
好股,1
格力已经前前后后多次出口高端新能源汽车前沿数控机床,0
茅台大涨，才能带动所有板块大涨，真的猛,1
下周，多空对决！,1
抄底赶紧抄底,0
11月1日 能否真正见底，还需要在看三天！,0
我靠半年内蒸发了25%？,0
一日游清仓卖早了，咱也曾经做过茅台的股东了[俏皮][,0
压力线：又称为阻力线，压力线起阻止股价继续上市的作,1
白酒50倍pe一年到现在30倍pe，底还早着呢，每次跌百分,0
猛涨！什么情况？这个涨幅，凝聚了三重意义。,1
维持卖出评级目标价250操作建议空仓看戏[韭菜][韭菜][,1
北向资金净流入个股最新动向：沪股通净流入前30：1贵,1
极端悲观情绪共振导致超跌，板块长期逻辑未变，重视超,0
抛出白酒进场凯莱英[主力][主力][主力][主力][主力][,0
不急不急，还能弹40多个点,0
茅台外挂哪里有,0
牛市回归？A股港股集体爆发，附个人操作思路,0
小姐姐提醒3000点下方买入是对的，如果你还有机会在30,0
这么小的盘子这么好业绩！怎么也得上50元,1
星星之火，可以燎原，关键得看谁来点；野火烧不尽，春,0
毒瘤,0
相信很快3040点附近，不久的将来吧，相信雨朦胧做空的,0
不管是短期还是中长期，都算是一个利好。,1
这是反抽离场！不是反转！现在让多头欢呼几天毕竟砸了,0
其实做A50超跌反弹是非常有节奏感的。1.下轨上第一波,0
什么叫下跌出货，跌到1000元，庄家还是赚的盘满钵满，,0
主力自救而已，给点颜色就想开染坊，给点阳光就灿烂，,0
太有钱,0
这个会不会是盘面暗语？10月31日，贵州茅台盘中最低价,0
消费股狂飙，指数周线反转大涨近11%，刷新近13年记录,1
抄底抄底,0
股市没有多少反弹空间,0
辛苦啦[献花][献花][献花][献花][献花][献花],1
转发,1
大盘连续大涨，获利盘数量巨大，下周大幅回调不可避免,1
他娘滴……继续加仓,0
继续……只能加仓，无任何退路可言,0
刚刚发布！关于个人养老金，十大要点，火线解读！全文,1
还有6390万资金，等着加仓，中盐化工，他娘滴……就赌,0
众泰电池比宁德电池先进,0
1700买入套住，@陪主力浪 求教多少可以补仓,0
11.4号周五《虫虫飞短线浪潮图》走势,1
这11个股票，半年时间，高管增持超过1亿元，这是真金,0
公募三季度持仓动向曝光！茅台稳坐第一！医药、新能源,0
东方十二酿,0
很好,1
转发,1
笃定，锂电池，那电池，龙头股，中盐化工克服恐惧，我,0
笃定，金属锂，金属钠，碳酸钠……三龙头巨无霸，300,0
不用防御人民币，只要稳住茅台，人民币自然不敢再贬值,0
好事可能即将发生,1
火鸡们，您们要和我一起死死拿住金属锂、金属钠、碳酸,0
减持是重大利好！知道未来几个月暴涨一波！拉高后减持,1
明天准备第五个账户插入，中盐化工……预计投入1939万,1
$贵州茅台(SH600519)$,1
可以,1
茅台先走一步了,0
北向铁了心坚决卖出茅台茅台正在被北向遗弃北向资金今,0
2300万资金加仓，中盐化工，目前，所有账户一共亏损39,0
11月份好事连连！感觉到又要重复6月份的走势，那时在,1
世事大概差不多，地的繁华和荒僻，人的多少，都没有多,0
我知道很多人想买！但是买不起！可以买便宜点的！市场,0
三十多倍市盈率太贵，这种票正常是20倍左右，维持卖出,0
下周谨防冲高回落,0
准备吃肉吗？,0
下周机构、北向、游资必须分出大量资金全面抄底。把题,0
神话到头了,0
三根大阳线，千军万马来相见。就有人在张罗着卖房炒股,0
！,0
我的天地在线已经起飞，马上轮到长沙银行和铜牛信息了,0
贵州茅台成交额达100亿元 现涨3.12%,1
，今天这种高潮，[成交][憨笑][兴奋][委屈],1
好的方面很也多。[捂脸][勾引][面][勾引][成交],1
追高才会亏损，很多散户投资者是奔着赚钱的梦想来到了,0
周五活跃游资及私募没干活，故小市值股普遍走弱，小机,0
北向资金大笔流入，等涨,1
茅台品牌和茅台酒没有关系！至于股票跌到200块还是涨,1
右侧交易机会已经降临，为啥那么多人还傻傻分不清楚？,0
$贵州茅台(SH600519)$,0
遍地黄金,1
贵州茅台申请注册古风漫画人物商标,0
巴菲特的可口可乐、欧洲烈酒帝亚吉欧和唐僧肉茅台最新,0
不用想，大盘不好基本上都是白酒跌和这个家伙造成的，,0
昨天贵州茅台大涨了百分之一，为什么沪股通继续减持？,1
近三年买入贵州茅台的投资者基本上都是在亏损吧，80%,0
茅台就像一个大帅哥。一直追一直爽,1
“明天有好事”你不喝酒我赌你活不过70岁。,0
凯乐已经进军茅台镇了！黄山头百年酒企中华老字号！浓,1
贵州茅台五日主力资金净流入28亿，今天主力资金净流出,1
茅台归来，依然王者，追涨，我的目标是3000,1
出现一个缺口，下周补上,1
大家不要着急1333还会有,0
转发,0
1茅台归来，依然王者，追涨，我的目标是3000,1
转发,0
希角五粮液茅台了,0
社保基金持续增持东鹏特饮！,0
茅台乾坤抓大虎,1
年底了，茅台,1
茅台涨停公告：3000元不用三年就到！中信密码！！,0
证券行情应有总市值的经营净利现金流与总市值之比回报,0
雨朦胧今生如不能报答茅台宁德的大恩大德的话，来生做,0
看下图,0
茅台的江湖低位不是盖的，暂时没有什么酒可以替代茅台,1
周一补缺,0
目前仓位85%，知道今天要高开的，也没打算去抢，预备,0
报团股歌尔出现一字板跌停，小盘股天鹅成大妖，此时买,1
好,1
主力机构没想到跌得一踏糊涂欧美股市尽有如此大力度反,0
下周又要回避A50成分股了。,0
年轻人就是不爱喝，白酒们慌了吗？,0
咬定青山不放松，坚定持有周月线底部股票,1
二十条对煤炭构成重大利好，年内会有一波行情二十条直,1
跟着白酒大师兄侯昊，一起探秘糖酒会！来留言，最高有,1
白酒历史大顶还不跑等什么呢,0
1300多一股的票，现实中刚好也可以买一瓶。,0
科技ETF（515000）两连阳！机构：政策驱动，信创板块,1
关于1350、1055、590,0
对白酒估值体系及近期白酒下跌的思考1、外资来之前，,0
拿个十年[得意],1
围观的朋友，你们甭看啦！建议你们明天立马买入中国外,1
集中放量致飞天茅台终端价格下跌 产能或成未来价格密,0
来占占高价股仙气[偷笑],1
天猫才几分钟就把几万瓶茅台卖光了,1
白酒需求不足，消费群体缩小，价格奇高！,0
今天下午3点的防疫联防联控有“商务部消费促进司”的,1
贵州茅台比电子游戏游戏股还害人害己？人手一部手机！,0
相信朋友们一定一下会在雨朦胧说过上百次上千次的跨年,0
比如工商银行红利4%，则茅台必须要每年8%以上，因为茅,1
中远海控和贵州茅台比一比,0
茅台日线随时有反弹-------短期走势个人看法！,1
三以后，跌到一百以下，大家等着看好戏,0
茅台好酒，“喝了不醉”……上周未技术综合判断：（1,0
今天茅台涨停,0
很巧妙的1350～大家在守护1350这个价位[]早晚破掉,0
下周卖空,0
2030年之前应该不会再涨了,0
明天（11月11日）大盘走势预测分析,0
ST天龙（300029），短期目标25元,0
11月10日一线游资策略团队逻辑推演,0
酒企“征战”糖酒会 ：大牌酒企亮点多 小酒企也有新创,0
突发，美股全线下跌，中概股下跌明显，提个醒，短线要,0
为什么说贵州茅台是大A4800多支股票里泡沫最大最垃圾,0
贵州茅台从下周一开始N个一字跌停板数起！！！,1
[哭][哭]时光匆匆！黑发变白发！ST凯乐黄山头白酒+军,0
【兴奋啊，今天是坐等收钱的一天吗？】美国通胀数据出,1
比如工商银行红利4%，则茅台必须要每年8%以上，因为茅,1
帅旗：11个月赚22倍收益的心路历程（今借贵州茅台宝地,1
想健康少吃茅台，多喝泉阳泉世界最好水！！会成仙哈哈,0
周五歌尔茅跌完一段落，周一又该啥茅跳水？,0
建议贵州茅台采取适时分批减持与适度增持股份相调节机,0
[大笑]神坛上坐久了，害怕吗？凯乐黄山头系列白酒，茅,0
冰雕。,0
贵州茅台：记录一下1388.88成交100手,1
青山绿水永长存，沧海桑田成路人，我自谈股仰天笑，留,0
“适量喝酒”害了多少国人！什么软化血管、强身健体，,0
这个跳空高开的十字星是什么意思？,0
一个白酒有什么好炒的，奇怪,0
商务部消费促进司，新成立的吗？,0
三季报18家白酒毛利率：洋河股份74.5%下降0.4%排名第,0
这说明前期医药软件，计算机信劝元宇宙光伏锂电海风等,0
转发,0
信创无人机通信龙头，002916？深南电路？,0
300092,0
跳空高开的大涨后，该不该见好就收？,0
贵州茅台底部放量，主力净流入资金在a股，排名第三。,1
摇摇欲坠，破位概率高，小反弹走人1340再看！市盈率高,0
300420与特斯拉合作充电桩---快讯：【特斯拉向全球开,0
喝那些自酿的米酒还好，又便宜有好喝,0
还是买茅台赚钱,1
长虹美菱：空气源热泵产品目前在手订单充足,1
继续卖空逢反弹卖空,0
左手茅台右手冰淇淋，再申请古风漫画人物商标，让高位,0
为什么美联储已经懵圈,0
茅台能翻倍吗，10几年以前玩了一茅茅，做底不做高，马,1
茅台最大的败端就是付于金融属性，金融是国之根本。谁,0
珍爱生命，远离白酒!酒是一类致癌物，想要吃就吃黑芝,0
珍爱生命，远离白酒!酒是一类致癌物，要吃就吃黑芝麻!,0
珍爱生命，远离白酒!,0
中国股市大反攻必须有一面旗帜！中国的崛起是历史的必,1
贵州茅台11月11日获沪股通增持87.18万股,1
这货就算业绩一直大涨，估计也得横盘，十年左右！,0
垃圾市场熊市无疑,0
北向资金今日大幅净买入超146亿元 贵州茅台净买入额居,1
贵州茅台：融资净偿还3.25亿元，融资余额203.25亿元（,0
东鹏特饮发行首款数字藏品,0
茅台到了浮华褪尽，人比烟花寂寞。,0
信创的最大周期！！！,0
大家错过了 贵州茅台 几百倍的涨幅，千万别再错过 贵,0
下一目标1600,1
股票张跌跟茅台商品密切相关，这几天茅台酒又开始涨价,1
我来了明天跟着大哥喝汤了[鼓掌][鼓掌][鼓掌][鼓掌],1
酒水税是不是要对标烟草税呀,0
11月6日  短期回调要敢于加仓，新能源、白酒、医药为,1
股价必须先跌回400元以下再说。对比九安医疗和贵州茅,0
今晚上再来一个大奖，我就发财了[捂脸][旺柴][想一下],1
拉格大象撑场面,1
市值的净利现金流回报率欠支撑！,0
大盘弱成这样，你要负头号责任。今天好几次看到大盘上,0
1495买的，有机会解套不,0
茅台让价值观扭曲，非常不利于经商,0
茅台现在的价格已经到不能跌的，不可以跌的地步，性质,0
最起码在11月20日之前[困顿],0
高位十字，下周一高开高走，20cm,1
机构之间的来回博弈，我就当个壁上观。,1
意思,0
买在无人问津时卖在人声鼎沸时[大笑][韭菜][韭菜][韭,0
今天不分析聊点交心交底的。不说假话真话说一半。,1
为何看好的股票，买入前总是在涨，而买入后却总是下跌,0
大家要有自己的主见，不要被灌入有毒的思想，把酒发扬,1
简直是乱套了，一瓶老酒被弄到2600元，一瓶酱油被弄到,0
卖一手，留一手。A50如果直接碰月线，这个肯定还要拉,0
还在天上，管住小手,0
你涨你跌，散户不参与，哈哈,1
现在全仓买入明年翻倍[呲牙],1
谢谢了！平价！,1
已经5连,0
茅台现在还是破位的状态，啥时候重回到1818以上，你们,0
五粮液还能追上茅台吗？|白酒分化大时代,0
今日板块资金流向影响明天开盘,0
786+77,0
明天一字板,0
昨天放量大阴线就是很好的解释[得意],1
上证指数今天也是一根大阳线[傲],1
4550亿元蝉联首富，钟靠卖水？,0
九安医疗年底10送10派80元！业绩王！超越贵州茅台！急,0
【11.11：白酒引领消费大涨！有啥好消息？】,1
茅台近期有没有什么营销活动？,0
转发,0
白酒股权投资大逃亡，郭广昌带头减持白酒股，会冲击估,0
563000中国A50ETF重仓股贵州茅台：当下公司处在营销改,0
563000中国A50ETF重仓股贵州茅台：国家发文表示支持贵,0
果然不给上车机会了,0
明天一字板,0
安信证券9月28日指出，白酒板块悲观预期加速释放，坚,0
少喝酒多吃人参补身体,0
目前就当日线反弹来做，有赚就好期望不要太高,1
N=_1吧？,0
腾讯控股才2倍市净率，阿里巴巴才1倍市净率，但贵州毛,0
银行业监督管理法将迎大修！机构主要股东、实际控制人,1
抱团基金应该开个会，北向资金进来可以选择一二只基金,0
茅茅又回来了！,1
老孙市场观察，十月收官战,1
茅台1560没反弹上去就要去1415了,0
[买入][买入][买入][买入][买入][买入][上涨][上涨][,1
贵州茅台的断崖式下跌才刚刚开始，剩下的25万股明天全,0
64,0
先进众泰，再进大港，三进茅台，一战封神！,1
每一次华丽的转身，都有无数段辛酸的故事。每一次收获,1
外围狂飙，叠加昨晚20条措施，今天能不能借势突突3100,1
抽中华，喝茅台。做有理想的新一代有为青年,1
你预判我的预判，pei！,0
今天很多人发贴私我，怎么又上去了，看下今天换手率，,0
东海证券食品饮料周报：利空出尽，白酒进入“双节”备,0
《W44：国际局势悄然蜕变，千亿资金锅底抢筹》,0
大宗交易：贵州茅台成交3357.77万元，成交价1459.90元,0
一张表,0
今天克制了，以防大盘暴涨,1
北上资金买入是好事？我怎么发觉北上今天买第二天不但,0
供销社那么火爆，难道里面不供应酒吗？,0
来自先知的力量，收割主力不再是奢望！！！！,1
现在有的港股比白菜还平宜。你如果没有一个港股投资帐,0
大盘走势：1.任何消息面的利好，都没有美股上涨来的实,1
转发,0
管控放松了就可以喝茅台了，茅台大消费的顶级代表,1
看情况资金并没有欲望股王[大笑][大笑][大笑],0
非常好,1
转发冲冲冲,1
又到喝9时间了，开整！！,1
股道剑心的百万实盘日记（长线），2022.11.11今日战况,0
已经难产，酒价和股价只能保一个，保酒价，股价跌，保,0
持有众泰汽车的回报率比持有贵州茅台要强！,0
北向资金今日大幅净买入146.66亿元贵州茅台净买入额居,1
3万股卖了。赚130多万。除5天利息12万，净赚120万。拜,1
贵州茅台(600519)获7家机构低估：i茅台亮眼，长期行稳,1
我花了半生去最求彩色得梦想，而我现在又要花半生得灰,0
A股大涨，双十一拒绝打折，恒生科技涨10%，医药跳水,0
你尾盘咋不跳水呢，直接把大盘干绿多好啊,0
热火以,0
一手都要十几万，有机会都把握不住[哭],0
猛干新能源，昨天假消息满天飞[哭],0
转发,0
【王牌之师】疫情加速大级别熊市开启,1
招君说大盘：A股指数全天放量大涨，稳增长相关板块拉,1
贵州茅台是好股，股市不是只有茅台！若想人生总辉煌，,0
给你们排排白酒八大金刚操盘手，下周迎驾贡酒补涨,0
毛台是大众情人股，下跌原因是没有新鲜感了。酒与车是,0
今天，两市成交了1.2万亿，早上开盘成交三分之一，下,0
年底上2000吧,0
昨天建仓说买了的！今天就涨了！而且带领大盘涨了！指,0
我就没搞明白，一手一手买的都应该算是小单吧，可盘口,0
北向苟终于不卖茅台了,0
A股下周将出现重要底部？,0
有人说，希望茅台崩盘的人都是空仓的，有人说，希望茅,1
接近年底的话，消费可能还能涨一波,1
消费和科技两手抓，民族品牌主题反弹进行时,1
11.7日私募碰头会议纪要：1.维持人民币在7.2左右反复,0
在等1332就全仓,0
2022.11.10 复盘,0
$贵州茅台(SH600519)$,0
散户买贵州茅台的少的可怜，主要是拿着基民钱的基金在,0
记录自己赚100万第一天今天回血3000元，本人98年23岁,1
个人觉得茅台的价值在1500元左右[哈欠],0
绑架了上证大盘指数，不稳，于是去，只能悬在空中了，,0
今天茅台跑了几个意？今天不跑的就是傻儿！,0
贵州茅台捐赠1亿元开展公益助学活动；华樽杯第14届中,0
实盘炒股22.11.09（3）,0
当年谁家有台彩色电视机，城市里半个胡同的人，搬着板,0
大家错过了 贵州茅台 几百倍的涨幅，千万别再错过 贵,1
1780的本，何时才能回来啊[傲],0
季线，月线主跌浪[卖出][卖出][卖出][卖出][下跌][下,0
茅台涨，万物生,1
从融资分红角度:茅台上市融了23个亿以后，中间从未再,1
强攻的催化剂来了！,1
赚了300W养老钱，茅台加油，,1
茅台以岭千禾招商触底拉起，大盘重回3000牛市起点,1
你涨！永无牛市！,1
还tm等什么，还不赶紧涨停,1
只要茅台涨，大盘绝对要坏事，铁律！,0
上中轨了哦,0
鸡精都怕吗？,0
家里还有六箱茅台，16年的时候银行一朋友卖基金，搞的,0
下周，茅台砸盘！[毛估估],0
茅台是真坚挺,0
上证50、沪深300将展开跨年度行情,0
午评：心如静水今早我就说过，如果今天做不到心如静水,0
茅升万物活,1
今天中国股市有望创造历史，有可能从今天开始，中国股,1
不让骂茅台，只能发传单骂茅台了,0
还得是你，能稳住场子啊，不然今天最后一小时大盘估计,0
对比明德生物，茅台价值20元/股,0
王者归来,1
今天药开始回调，明天食品肉酒开始大涨，下周也是！过,1
公私募基金真是大气，抬高股价让外资跑路，雷锋！,1
有多少人踏空，做t做飞哦,0
嘴巴吹破了你年薪150万！不知道是买那只股票赚来的！,0
茅台下周有好戏看洛,0
传媒股集体活跃，消费龙头ETF（516130）逆市收红终结,0
茅台我的最爱，轻轻松松一天十万块，准备跟茅台这个女,1
真好玩，几乎都是清一色唱衰茅台的帖子。,0
茅坑买水坑人害密,1
贵州茅台，长熊是其归途，不会有什么奇迹。现在还唱多,0
茅台还是太弱了,0
高开低走[捂脸],0
那你应该去买中石油,1
茅坑一拉，哀鸿遍野！,0
今天又得大跌了,0
茅台带领大盘快速翻绿,0
转发,0
茅台退市，天天茅台稳指数，的指数，其它个股都亏死了,0
走出了股票该有的形态,0
毛毛2022年12月30号之后，肯定会拉稀，一泻千里的那种,0
近期关注保利发展,0
现在主力就是砸盘白酒就是主力走人套死散户，机构出逃,0
受二遍苦，遭二次罪。,0
10亿跟13亿差不多了,0
转发,0
酒是喝的，不是收藏品！,0
好去处～8.3元森赫301056立刻,0
美股期货持续上涨，纳指期货涨超4%，标普500指数期货,0
坐稳了没，准备发射,1
记住【比茅台潜力大 三倍黑马】｜根据“戴维斯双击”,0
银行都涨8个点，你今天太弱了，远远弱于面板，现在真,0
基民的钱真不是钱[大笑]，勇敢的追吧。,0
加油，还有40分钟，冲，带着舍得，重庆冲一把,0
龙头再现,1
指数还是的靠茅台,1
你涨永无牛市[大笑][大笑][大笑],0
老刀：茅台、五粮液、古井贡酒各自最突出的短板是什么,0
基金又拉起来给外资爸爸套现呢？,0
风景这边独好！白酒人，加油！不要为一时的失利而沮丧,1
万科午后封住涨停，进一步稳定了房地产板块，不错[滴,1
带领大盘冲击3100！,1
希望茅台和众白酒的估计都可以除以10，这样资本市场才,0
上证现价3081点，本轮下跌调整的时间是5一8天，朋友们,0
佑茫,1
涨点指数，全被这水酒占了！,0
茅台买少了，好后悔，但已经赚了一百万了在贵州茅台上,1
，可以肯定的说，茅台1500是底部，大胆吃进,1
今日上午行业板块资金流向决定下午走势,1
永安期货可以进了,1
“望天湖”看着一串串硕大的葡萄，一摸口袋没有半文钱,0
你，幼勇穑,0
现在低价上涨行情，高价股没戏了。这个月是没有行情了,0
第十一届中国（贵州）国际酒类博览会吸引民众,1
市值1100亿的中兴通讯和市值1200亿的古井贡酒，谁更有,0
103万！亏到29万！我怎么可能就这样走人呢？你智商今,0
刚刚看见茅台市值18868.13亿，这数字怎么样,0
股价明年中秋节之前创新高,1
该回归了[愉快][愉快][愉快][抱拳][抱拳][抱拳],1
1点半到了，雷战古,0
基建狂魔开始爆发了，基建开始拉升了，可以选择进场了,1
为国接盘，买50手，我尽力了,1
没忍住1495干了50万底仓，周一跑。,1
腾讯仓位正式超过平安！,1
st御银，起飞了,1
白酒是最垃圾的板块,0
能不超过西发那个ST,0
礼品酒，又是权势们喝的，不消灭它就没有未来,0
新型牛市下，我看空,0
虽然我买了茅台，但是我希望它能再跌点,0
中锐股份 002374 旗下贵宴樽15(小茅台）酒获2022国际,1
【每日收评】酒ETF低开高走，逆势上涨,1
600519 贵州茅台，股价再次大幅杀跌已然临近,0
跌倒每股500元比较合理。,0
不要做最后一段的行情，历史性大双头世纪顶确立。,1
回顾过往，我们暴露了很多缺陷，犯了很多错误，承受了,0
为何说猪力1200出掉底仓,0
水中茅台，你懂的拿1年翻翻翻,0
今天，沪深两市成交额有望突破1.2万亿！！,1
慢慢回升了,1
北向6个亿估计要套久了,0
[梭哈][火箭][火箭][主力][主力][主力][主力][上涨][,1
维持卖出评级目标价250操作建议空仓看戏[面][面][韭菜,0
两市，在经过早上的激烈多空博弈后，市场开始进入相对,1
升上午翘尾，下午继续调整出货,1
谁买茅台？谁？让他自娱自乐,0
主力在慢出货，不能进了，散户不能进了,0
出货,1
我开盘就跑，等下全部跑完。还涨的空间小了。300750现,1
又在诱骗！没人接盘，那个急呀…………………,0
静默无声暗流涌动先知先觉者在上车,0
吉利解盘：到达5周线支撑，止跌信号待确认,0
哪个权重股能接住烂茅的跑路,0
随着人民币强势，苹果代工供应链撤出中国到一些本币汇,1
日线级别二次探底的倒车接人机会,0
茅台要大涨？根据我多年的炒股经验，我觉得这个月很关,1
永别3千点,0
北向一惯低位割肉，今天又追涨了。哈......什么东西..,1
茅台能遇到奇迹吗？涨的已经见到，跌的还在努力！！！,0
高开低走暴力洗盘，短线最少补1624的缺口,0
茅台成股王底气在哪里？――万亿老基酒.尤如一金山.【,0
九牧王601566麻烦哪位游资大哥拉一下、盘子小容易拉、,0
趋势没变，借美股张升拉升一把，下跌途中反弹。,0
明天涨停！？？[想一下][想一下],1
17.43吃了一点点，一点点大牛股歌尔股份，没吃多少，,1
高开高走，永远梦想进去挨掌，啪啪啪想。,0
抱团取暖茅台股豪横，从20多元涨上千不反馈一地中小盘,0
1540全部走人，两天十万。大肉,1
2022年前3季度业绩最亮眼行业：,1
17.43吃了一点点，歌尔股份，没吃多少，不吃手发痒，,1
茅台冰激凌卖的还是酒,0
九安医疗年底10送10派80元！业绩王！超越贵州茅台！急,0
周一说大盘应该盘整2-3天，把基石打稳。今天大涨符合,1
兄弟们茅台要撤了，不陪你们玩了，你们好自为之吧。,0
买上他十手八手的坐等退休,1
每周五都红，然后下周绿四天,0
赶紧跑,0
转发,0
在这里要死磕到什么时候呀？移仓千红制药，强牛爆发，,0
A股白酒风云30年|白酒分化大时代,1
今天茅台又跑了几个意？,0
把价值投资股完成短线也只有我了,0
糖酒会人都没有，冷冷清清，而且层层设卡，进都进不了,0
北向，昨天还在大幅减持白酒股，今天，再度被打脸...,0
茅台不挂，伪科技股难发展,0
三十年河东，三十年河西，落帔的凤凰不如鸡！但愿贵州,0
在这里不知道要死磕到什么时候，继续移仓千红制药，强,0
$贵州茅台(SH600519)$,0
抢：刚发：翰宇药业携手中国医药推进“抗感染”创新药,0
300841,0
都上车了吧,0
茅台涨停成本才会低一点,1
高开就没好事,0
抛弃幻想，冲高离场，机会难得！,1
黄金坑，盘子小,0
跳空缺口还的补，没完没了,0
还不错吧，这是唯一一只重复操作，长期持有的股票。前,0
大盘暴跌和恶炒茅台关系很大，必须严惩相关责任人,0
昨晚美市半导体暴涨果然利好了贵州茅台,1
大家好！我是您的老朋友捉妖大师！今日指数高开低走，,0
上午高开，是逃命的机会，减仓,0
大哥今天带着小弟们往前冲。,1
贵州茅台的回归之旅,1
大盘走势：1.昨夜美股下杀，跟跌不跟涨的特性还是继续,1
严重影响经济和就业的四重压力！,0
长期看涨消费,0
准备向上突破回补缺口,1
道琼斯指数真厉害！转眼又回到3万3了，不愧是由全球30,1
牛市来了,1
热景生物凭借亮眼表现同贵州茅台、三一重工等40家知名,1
今天带领大盘往上冲？,1
贵州茅台11月10日被沪股通减持8.21万股,0
美股大涨7.35%，今天茅台涨停有希望了,1
欧美股市暴涨！牛市开启！九安医疗今天暴涨开启！连续,1
今天开瓶茅台庆贺美股大张，欧力给。,1
夕阳产业，长期阴跌到200元以下,0
贵州茅台：融资净偿还5571.19万元，融资余额206.5亿元,0
美国大涨，今天是白酒的天下了,1
什么叫做扯啊？炒股投资只有交易和不交易！买和不买！,1
有良心、有爱心、有实力得好股东[赞][赞][赞][献花][,1
涨，涨，涨今天周五暴涨！！！雨朦胧携鸡团全体成员给,1
今天要补缺口了,1
北向资金净卖出6.84亿元 抛售隆基绿能、贵州茅台,1
第四次立帖为证：贵州茅台必将重复四川长虹走势,1
1600，今日小目标,1
因为10号茅台敢涨我要狠狠骂10天，如果今天11号还敢涨,0
茅台下跌对所有A股股票是最大利好，茅台今天立冬，再,1
刚来就吃肉，明天继续,1
从国内大循环到高端白酒的投资逻辑,1
茅哥明天不意思意思？带领大白马给大盘添添柴！,1
特娘的，飞天买不着，只好去狗东买海外版的，建议茅台,1
当下阶段买建行还是买茅台？,1
多个利好消息共振，A股迎来大反弹，3000点底部确立？,1
今夜感觉在见证奇迹，不过到底是不是我们的奇迹呢？,1
美股大涨5%，明天茅台也会大涨5%以上,1
今晚，听说公司新来的员工喜提爱车，据说还是跟着我们,1
毛台酒，我也套了，坚决不割肉,1
完了完了，满屏唱多又要大跌了,0
维持卖出评级目标价250操作建议空仓看戏[韭菜][韭菜][,0
卧龙周末解盘〔2022-11~#142-下周走势及个股分析判断,0
解开中信茅台目标3000元背后的密码！三年后不用五年就,1
怪不得今天异动，一支穿云箭,1
外围爆涨，明天是2022年最后一次进入A股低位的机会，,1
起飞,1
周边再紧张，不妨碍种花家百方来朝，高朋满座，美酒飘,1
还在持仓的，抓紧时间扯吧,0
感谢茅台，感谢宁德，感谢水泥感谢全体股民朋友们的大,1
明天茅台涨停带领大A冲击3200点,1
雨朦胧今天重仓做多，开盘抢筹，而且都给朋友们看了交,1
正在环球影城骑行，明天，把酒满上，我个人动用私人资,1
但愿四川长虹股价凄凉的遭遇，今后不要在贵州茅台的股,0
明天大概率高开低走了,0
明天发大财！,1
明天带领大盘飞,1
明天涨停带大盘上3100,1
明天拉你,1
酒低价促销原价400多元／瓶，现价59元，没有利润卖，,0
563000中国A50ETF重仓股贵州茅台：公司营销体系改革步,0
跌到1000，整上一瓶,0
别说那么废话！到时候以实际交易金额为主！涨不涨资金,0
明天应该可以走起来三个点,1
无语死了[大哭]也特么差太多了吧！玩不起就不要玩了，,0
等我把：东方，海天，歌尔，都回本了。下一个就是你等,0
成功的秘诀，在于坚持。知易行难，知非即舍！天通股份,1
茅台涨的也太虚构了，不就是一瓶酒吗，搞不懂,1
持仓10亿人民币，明天涨停有人,1
关于茅台简单理性分析：目前的市值和估值是勉强经济下,0
563000中国A50ETF重仓股贵州茅台：一系列政策利好为公,0
相对比较危险的位置。看是否突破分时前高1893。否则反,0
茅台，被严重高估的国酒,0
白酒板块既然都是周期股，凭啥还窃据A股最高价值股票,0
记录炒股赚一百万第六天很多人建议我说，你拿16万+每,1
巴菲特的可口可乐、欧洲烈酒帝亚吉欧和唐僧肉茅台最新,1
白酒这一个月都会涨，怎么下来的，就怎么涨上去。很快,1
买茅台，别较真，你要真的扒开迷雾看本质，那就是酒精,1
看到贵州茅台股价1459元，每股收益35元，总股本12.56,1
年底了白酒会涨，留1000手,1
每日一吼：白酒消费市场日益萎缩与全国酒企体量日益增,0
人固有一死，或重于泰山，或死于鸿茅,0
$贵州茅台(SH600519)$,0
惠威科技通过IATF16949汽车行业质量管理体系认证！拥,0
超级品牌的铁底价格，从历史的角度看，这是安全边际的,0
如果贵州茅台能让我试喝半斤，如果我觉得喝得舒服的话,1
贵州茅台向中国青少年发展基金会捐赠1亿元,1
北水天天卖，怎么涨的起来？,0
讲个笑话，茅台见底了[呲牙],0
政治局会议→再传利好。明天，茅台稳了。,1
啥都不说  看你还黑不黑屋,0
【行业观察】白酒行业22年三季报综述：收入利润环比改,0
供销社概念,0
白酒、医疗下挫，是抄底机会么？附个人操作思路,0
A港两市强势反攻，白酒涨近5%，该加还是减？,1
看茅台，明天反攻，可能很大吖，,1
解开中信茅台3000元背后密码！价值投资必胜！！,1
500块就让你买了！你不敢买！900块让你买你还不敢买！,1
转发,0
1333是底部，耐心持有白酒基金,1
明天西安能不能去？？,0
目标1530格局1640,1
符合预期，连涨2天，有盘整回调需求。。。外围加息，,1
这股马上就要大涨了，因为我卖了，每次只要我一卖准涨,1
强者恒强，周末愉快！（11.18总结）,1
陪时间不赔钱,1
市场震荡整理充分，下周有望迎来反弹！,1
大家好，慢牛格局开始了，半年上百，2年上千，5年超十,1
发利好了，下周一方新侠终于能赚的盆满钵满的体面离场,1
大盘风险开始出现，但我认为这个调整是好事！之前预期,1
早上买少了，少填了个0，这下周一买不到了,1
龙头暂露头角！下周一继续涨停板！点赞的发财,1
数据复盘：三大指数震荡整理 资金抢筹中国医药,1
昨天刚走果真涨了。。。每次一卖就涨，但凡多拿了两天,1
央行、外汇局出手！释放重大利好！,1
今天这个涨的逻辑是啥,1
大盘目前没有技术性风险，只要不出黑天鹅，有望维持震,1
周末愉快,1
下周连板，爽歪歪,1
下周必涨,1
下礼拜再拉伸，很明显。,1
中国长城突破高位，今天能再创高峰，成为领头羊！,1
我下周必买你！,1
太棒了，买入就上涨。,1
此时此刻，我的感觉就是：“太疯狂了！赚钱太多，太快,1
涨停卖的，老板又买了，赌下周会涨,1
恭喜拿住的家人们，今天下班了，祝大家周末愉快[耶][,1
牛逼，主力进这么多，太牛逼了,1
舒服了，信我者发财哈哈哈,1
放量大涨前埋伏，你就是稳稳地赢家,1
这几个药是真的牛逼。,1
雄风再起！,1
我过来看看富翁们,1
跟上[偷笑],1
8个亿净流入，稳得很,1
整个A股市场今日资金净流入首屈一指，王者风范，坚定,1
不错,1
不是一般的牛。大资金进场！,1
老虎发威，谁也挡不住。,1
别涨停，天天涨。,1
什么消息这样涨？？？瞎炒嘛？,1
宇宙第一龙头,1
不负所望！嘎嘎嘎嘎嘎[赞][赞][赞],1
飘亮,1
王者归来,1
碾压一切，牛逼牛逼,1
我今天买了这股，坐稳扶好，一冲飞天[俏皮],1
怒赚一万。大家周末愉快。[兴奋][兴奋][兴奋][兴奋][,1
安心睡觉，迎接明天大涨啊,1
大涨,1
发财了，买对了,1
终于赚钱了[哭],1
百万手封单。稳了吧[大笑][大笑],1
11月18日快速上涨,1
【这个时候是最开心的】,1
指数继续上攻！,1
难得休息，放股票，享受生活。[干杯][干杯],1
[赞][赞][赞],1
太棒了,1
要涨停了！快来抄底了！两万亿买不了吃亏买不了上当,1
拉升,1
明天开涨,1
未来三年，茅台必上3000，2027年必到5000，立帖为证！,1
穿过历史长河，我相信茅台总有一天要站上3000,1
出茅台进民生银行，东方不败之选。,1
就五百股明天开盘就跑，目前还是盈利的，先保本为上策,1
真龙“现身”，静悄悄的干！,1
茅台好多钱啊~同济堂才9毛1,1
进100股,1
直接买入，持股待涨。,1
茅台酒300可以考虑买一点建仓。,1
带头大哥支棱起来,1
还是老样子，这套路真绝，茅坑自己涨上去了，小弟全拉,1
来一板,1
茅台应该走向全世界,1
感觉今天茅台，应该能长三个点以上。,1
茅台要涨了,1
可以入手了,1
可以乐观一些,1
这个增速，配上这个市盈率，啧啧啧,1
明天会涨80-100元,1
茅台要涨起来了,1
进场收割的良机出现了，我想加仓，可是没钱了。,1
既然今天拉起来了，佩服！,1
满仓干茅台，梭哈了，干茅台,1
茅台不能倒，茅台不会倒，茅台是26万亿基金总市值里的的唯一的第一重仓股！这是格局,1
每次深v，第二天必上涨,1
加油,1
存在即合理,1
只要能买到正品高质量茅台酒，贵一点也可以承受,1
8月份才是白酒板块的天下,1
同志们，1525，满仓！,1
闭上眼睛上1800,1
贵茅您漫漫涨吧，漫涨才健康，漫涨才可持续。漫涨登上,1
你大哥还是你大哥,1
强势股,1
快买，下午涨停,1
茅台yyds,1
致敬茅台,1
茅台酒乃镇宅之宝,1
每次反弹都是换股的良机。,1
喝酒吃药，越喝越有,1
